{
  "bins": [
    0.0,
    0.05,
    0.1,
    0.15000000000000002,
    0.2,
    0.25,
    0.30000000000000004,
    0.35000000000000003,
    0.4,
    0.45,
    0.5,
    0.55,
    0.6000000000000001,
    0.65,
    0.7000000000000001,
    0.75,
    0.8,
    0.8500000000000001,
    0.9,
    0.9500000000000001,
    1.0
  ],
  "calibrated": [
    0.0,
    0.03424657534246575,
    0.09688581314878893,
    0.12087912087912088,
    0.12087912087912088,
    0.23469387755102042,
    0.2781065088757396,
    0.3435897435897436,
    0.3442622950819672,
    0.45075757575757575,
    0.53125,
    0.5700934579439252,
    0.5988372093023255,
    0.6455696202531646,
    0.7016574585635359,
    0.7489177489177489,
    0.7788461538461539,
    0.8591549295774648,
    0.9155405405405406,
    0.9714285714285714,
    1.0
  ],
  "method": "isotonic"
}