{
  "version": "4.1.0",
  "trainedOn": "2026-04-11T14:17:29.942215",
  "numFeatures": 21,
  "featureNames": [
    "elo_diff_norm",
    "adj_em_diff_norm",
    "adj_oe_diff_norm",
    "adj_de_diff_norm",
    "pythagorean_diff",
    "efg_pct_diff_norm",
    "tov_pct_diff_norm",
    "oreb_pct_diff_norm",
    "star_impact_diff_norm",
    "rest_days_diff_norm",
    "is_home",
    "is_neutral_site",
    "conf_quality_diff_norm",
    "recruiting_diff",
    "returning_minutes_diff",
    "blend_weight_home",
    "blend_weight_away",
    "star_available_home",
    "star_available_away",
    "star_penalty_home_norm",
    "star_penalty_away_norm"
  ],
  "bias": 0.3035985944824493,
  "weights": [
    3.0196395467130723,
    1.23545957496373,
    1.3076227701836858,
    -1.0622409627652352,
    -5.273115778619569,
    0.0,
    0.0,
    0.0,
    0.0,
    0.0,
    0.2502917649882232,
    -0.25029176498820993,
    0.0,
    0.0,
    0.0,
    0.0,
    0.0,
    0.0,
    0.0,
    0.0,
    0.0
  ],
  "avgBrier": 0.14432610396365037,
  "avgLogLoss": 0.43951616097822716,
  "accuracy": 0.7876635818056377,
  "trainDates": "WBB 2018\u20132025",
  "nTrainingSamples": 38110,
  "cvFolds": 7,
  "note": "Trained on WBB data ONLY. DO NOT use men's data."
}