{
  "mean": [
    14.164364259188952,
    1.0
  ],
  "scale": [
    32.51756998204373,
    1.0
  ],
  "feature_names": [
    "elo_diff",
    "is_neutral"
  ]
}